{
  "products": [
    {
      "id": 1,
      "name": "Modern Sectional Sofa",
      "category": "furniture",
      "subcategory": "sofas_couches",
      "image": "images/products/1.png",
      "description": "Comfortable modern sectional sofa with premium fabric upholstery and sleek design.",
      "cost": 2500,
      "rating": 4.5,
      "reviews": ["Great quality and very comfortable", "Perfect for my living room", "Excellent value for money"],
      "inStock": 10
    },
    {
      "id": 2,
      "name": "Glass Coffee Table",
      "category": "furniture",
      "subcategory": "tables",
      "image": "images/products/1.png",
      "description": "Elegant glass coffee table with chrome legs, perfect for modern living spaces.",
      "cost": 800,
      "rating": 4.3,
      "reviews": ["Beautiful design", "Good quality glass", "Easy to clean"],
      "inStock": 10
    },
    {
      "id": 3,
      "name": "Contemporary Floor Lamp",
      "category": "lighting",
      "subcategory": "floor_lamps",
      "image": "images/products/1.png",
      "description": "Modern floor lamp with adjustable height and warm LED lighting.",
      "cost": 350,
      "rating": 4.4,
      "reviews": ["Great lighting", "Stylish design", "Easy to assemble"],
      "inStock": 10
    },
    {
      "id": 4,
      "name": "Decorative Wall Art",
      "category": "decor",
      "subcategory": "wall_art",
      "image": "images/products/1.png",
      "description": "Abstract wall art piece that adds character to any modern living space.",
      "cost": 200,
      "rating": 4.2,
      "reviews": ["Beautiful artwork", "Good quality print", "Perfect size"],
      "inStock": 10
    },
    {
      "id": 5,
      "name": "Luxury Leather Sofa",
      "category": "furniture",
      "subcategory": "sofas_couches",
      "image": "images/products/1.png",
      "description": "Premium leather sofa with exceptional comfort and elegant design.",
      "cost": 4500,
      "rating": 4.8,
      "reviews": ["Outstanding quality", "Very comfortable", "Worth the investment"],
      "inStock": 10
    },
    {
      "id": 6,
      "name": "Marble Dining Table",
      "category": "furniture",
      "subcategory": "tables",
      "image": "images/products/1.png",
      "description": "Elegant marble dining table that seats 6 people comfortably.",
      "cost": 3200,
      "rating": 4.7,
      "reviews": ["Beautiful marble finish", "Sturdy construction", "Perfect for entertaining"],
      "inStock": 10
    },
    {
      "id": 7,
      "name": "Crystal Chandelier",
      "category": "lighting",
      "subcategory": "ceiling_lights",
      "image": "images/products/1.png",
      "description": "Stunning crystal chandelier that creates beautiful ambient lighting.",
      "cost": 1800,
      "rating": 4.9,
      "reviews": ["Absolutely gorgeous", "High quality crystals", "Creates amazing ambiance"],
      "inStock": 10
    },
    {
      "id": 8,
      "name": "Persian Area Rug",
      "category": "decor",
      "subcategory": "rugs_carpets",
      "image": "images/products/1.png",
      "description": "Handwoven Persian rug with intricate patterns and rich colors.",
      "cost": 1200,
      "rating": 4.6,
      "reviews": ["Beautiful patterns", "High quality weaving", "Adds warmth to the room"],
      "inStock": 10
    },
    {
      "id": 9,
      "name": "Ergonomic Office Chair",
      "category": "furniture",
      "subcategory": "chairs_recliners",
      "image": "images/products/1.png",
      "description": "Comfortable ergonomic office chair with lumbar support and adjustable height.",
      "cost": 650,
      "rating": 4.4,
      "reviews": ["Very comfortable", "Good back support", "Great for long work hours"],
      "inStock": 10
    },
    {
      "id": 10,
      "name": "Modern Side Table",
      "category": "furniture",
      "subcategory": "tables",
      "image": "images/products/1.png",
      "description": "Sleek modern side table with storage drawer and minimalist design.",
      "cost": 450,
      "rating": 4.3,
      "reviews": ["Perfect size", "Good storage space", "Matches my decor"],
      "inStock": 10
    },
    {
      "id": 11,
      "name": "LED Table Lamp",
      "category": "lighting",
      "subcategory": "table_lamps",
      "image": "images/products/1.png",
      "description": "Energy-efficient LED table lamp with touch controls and dimming feature.",
      "cost": 180,
      "rating": 4.2,
      "reviews": ["Great lighting control", "Energy efficient", "Modern design"],
      "inStock": 10
    },
    {
      "id": 12,
      "name": "Decorative Throw Pillows",
      "category": "decor",
      "subcategory": "cushions_throws",
      "image": "images/products/1.png",
      "description": "Set of decorative throw pillows in various textures and colors.",
      "cost": 120,
      "rating": 4.1,
      "reviews": ["Nice variety", "Good quality fabric", "Comfortable"],
      "inStock": 10
    },
    {
      "id": 13,
      "name": "Kitchen Island",
      "category": "kitchen",
      "subcategory": "islands_carts",
      "image": "images/products/1.png",
      "description": "Spacious kitchen island with storage cabinets and granite countertop.",
      "cost": 2800,
      "rating": 4.7,
      "reviews": ["Great storage space", "Beautiful granite top", "Perfect for cooking"],
      "inStock": 10
    },
    {
      "id": 14,
      "name": "Stainless Steel Refrigerator",
      "category": "kitchen",
      "subcategory": "appliances",
      "image": "images/products/1.png",
      "description": "Energy-efficient stainless steel refrigerator with modern features.",
      "cost": 2200,
      "rating": 4.6,
      "reviews": ["Excellent cooling", "Spacious interior", "Energy efficient"],
      "inStock": 10
    },
    {
      "id": 15,
      "name": "Quartz Countertop",
      "category": "kitchen",
      "subcategory": "countertops",
      "image": "images/products/1.png",
      "description": "Durable quartz countertop with beautiful veining and stain resistance.",
      "cost": 3500,
      "rating": 4.8,
      "reviews": ["Beautiful appearance", "Very durable", "Easy to maintain"],
      "inStock": 10
    },
    {
      "id": 16,
      "name": "Under-Cabinet Lighting",
      "category": "lighting",
      "subcategory": "cabinet_lights",
      "image": "images/products/1.png",
      "description": "LED under-cabinet lighting system for enhanced kitchen illumination.",
      "cost": 280,
      "rating": 4.4,
      "reviews": ["Great task lighting", "Easy installation", "Energy efficient"],
      "inStock": 10
    },
    {
      "id": 17,
      "name": "Custom Kitchen Cabinets",
      "category": "kitchen",
      "subcategory": "cabinets_pantries",
      "image": "images/products/1.png",
      "description": "Custom-built kitchen cabinets with soft-close doors and premium hardware.",
      "cost": 8500,
      "rating": 4.9,
      "reviews": ["Excellent craftsmanship", "Perfect fit", "High quality materials"],
      "inStock": 10
    },
    {
      "id": 18,
      "name": "Farmhouse Kitchen Sink",
      "category": "kitchen",
      "subcategory": "sinks_faucets",
      "image": "images/products/1.png",
      "description": "Large farmhouse-style kitchen sink with apron front and deep basin.",
      "cost": 850,
      "rating": 4.5,
      "reviews": ["Beautiful design", "Very functional", "Easy to clean"],
      "inStock": 10
    },
    {
      "id": 19,
      "name": "Marble Backsplash",
      "category": "kitchen",
      "subcategory": "backsplashes",
      "image": "images/products/1.png",
      "description": "Elegant marble backsplash with subway tile pattern and premium finish.",
      "cost": 1200,
      "rating": 4.6,
      "reviews": ["Stunning appearance", "High quality marble", "Professional installation"],
      "inStock": 10
    },
    {
      "id": 20,
      "name": "Pendant Light Fixtures",
      "category": "lighting",
      "subcategory": "pendant_lights",
      "image": "images/products/1.png",
      "description": "Set of modern pendant lights perfect for kitchen islands and dining areas.",
      "cost": 650,
      "rating": 4.4,
      "reviews": ["Beautiful lighting", "Modern design", "Good value"],
      "inStock": 10
    },
    {
      "id": 21,
      "name": "Platform Bed Frame",
      "category": "furniture",
      "subcategory": "beds_mattresses",
      "image": "images/products/1.png",
      "description": "Modern platform bed frame with built-in nightstands and clean lines.",
      "cost": 1200,
      "rating": 4.5,
      "reviews": ["Sturdy construction", "Great design", "Easy assembly"],
      "inStock": 10
    },
    {
      "id": 22,
      "name": "Memory Foam Mattress",
      "category": "furniture",
      "subcategory": "beds_mattresses",
      "image": "images/products/1.png",
      "description": "Premium memory foam mattress with cooling gel technology for better sleep.",
      "cost": 1800,
      "rating": 4.7,
      "reviews": ["Very comfortable", "Great support", "Cool sleeping surface"],
      "inStock": 10
    },
    {
      "id": 23,
      "name": "Bedroom Dresser",
      "category": "furniture",
      "subcategory": "storage",
      "image": "images/products/1.png",
      "description": "Spacious bedroom dresser with 6 drawers and modern hardware.",
      "cost": 950,
      "rating": 4.3,
      "reviews": ["Plenty of storage", "Good quality wood", "Matches my bedroom set"],
      "inStock": 10
    },
    {
      "id": 24,
      "name": "Bedside Table Lamps",
      "category": "lighting",
      "subcategory": "table_lamps",
      "image": "images/products/1.png",
      "description": "Pair of elegant bedside table lamps with fabric shades and ceramic base.",
      "cost": 320,
      "rating": 4.2,
      "reviews": ["Perfect height", "Soft lighting", "Beautiful design"],
      "inStock": 10
    },
    {
      "id": 25,
      "name": "Bathroom Vanity",
      "category": "bathroom",
      "subcategory": "vanities_cabinets",
      "image": "images/products/1.png",
      "description": "Modern bathroom vanity with double sinks and ample storage space.",
      "cost": 2200,
      "rating": 4.6,
      "reviews": ["Great storage", "Beautiful finish", "High quality construction"],
      "inStock": 10
    },
    {
      "id": 26,
      "name": "Rainfall Shower Head",
      "category": "bathroom",
      "subcategory": "showers_bathtubs",
      "image": "images/products/1.png",
      "description": "Luxurious rainfall shower head with multiple spray settings and chrome finish.",
      "cost": 450,
      "rating": 4.5,
      "reviews": ["Amazing water pressure", "Feels like a spa", "Easy installation"],
      "inStock": 10
    },
    {
      "id": 27,
      "name": "Freestanding Bathtub",
      "category": "bathroom",
      "subcategory": "showers_bathtubs",
      "image": "images/products/1.png",
      "description": "Elegant freestanding bathtub with modern design and comfortable soaking depth.",
      "cost": 3200,
      "rating": 4.8,
      "reviews": ["Beautiful centerpiece", "Very comfortable", "High quality acrylic"],
      "inStock": 10
    },
    {
      "id": 28,
      "name": "Bathroom Mirror",
      "category": "bathroom",
      "subcategory": "mirrors_medicine_cabinets",
      "image": "images/products/1.png",
      "description": "Large bathroom mirror with LED backlighting and anti-fog technology.",
      "cost": 680,
      "rating": 4.4,
      "reviews": ["Great lighting", "No fogging", "Modern look"],
      "inStock": 10
    }
  ]
}

